DAY1,DAY2,DAY3,DAY4
27.762434081273913,27.85641408269855,28.024456842353654,28.015343915343916
18.798702940963942,18.95377163871199,19.09288434903047,19.674777899363836
